"SALESORDERID","CREATEDBY","CREATEDAT","CHANGEDBY","CHANGEDAT","FISCVARIANT","FISCALYEARPERIOD","NOTEID","PARTNERID","SALESORG","CURRENCY","GROSSAMOUNT","NETAMOUNT","TAXAMOUNT","LIFECYCLESTATUS","BILLINGSTATUS","DELIVERYSTATUS"
"0050000001","0000000007",2011-01-01,"0000000007",2011-01-03,K4,"2011001","","100000034",AMER,USD,124585.83,110743.00,13842.83,"","",C
"0050000002","0000000003",2011-01-01,"0000000003",2011-01-04,K4,"2011001","","100000035",EMEA,USD,24187.50,21500.00,2687.50,"","",C
"0050000003","0000000019",2011-01-01,"0000000019",2011-01-03,K4,"2011001","","100000008",EMEA,USD,59793.75,53150.00,6643.75,"","",C
"0050000004","0000000015",2011-01-01,"0000000015",2011-01-04,K4,"2011001","","100000005",EMEA,USD,77948.98,69288.00,8660.98,"","",C
"0050000005","0000000019",2011-01-02,"0000000019",2011-01-05,K4,"2011001","","100000005",EMEA,USD,123088.46,109412.00,13676.46,"","",C
"0050000006","0000000019",2011-01-03,"0000000019",2011-01-06,K4,"2011001","","100000008",EMEA,USD,117442.10,104393.00,13049.10,"","",C
"0050000007","0000000021",2011-01-04,"0000000021",2011-01-07,K4,"2011001","","100000037",EMEA,USD,87602.60,77869.00,9733.60,"","",C
"0050000008","0000000014",2011-01-04,"0000000014",2011-01-05,K4,"2011001","","100000001",AMER,USD,100274.60,89133.00,11141.60,"","",C
"0050000009","0000000020",2011-01-05,"0000000020",2011-01-06,K4,"2011001","","100000035",EMEA,USD,65784.35,58475.00,7309.35,"","",C
"0050000010","0000000019",2011-01-05,"0000000019",2011-01-06,K4,"2011001","","100000035",EMEA,USD,84594.36,75195.00,9399.36,"","",C
"0050000011","0000000020",2011-01-06,"0000000020",2011-01-07,K4,"2011001","","100000010",EMEA,USD,104228.97,92648.00,11580.97,"","",C
"0050000012","0000000021",2011-01-07,"0000000021",2011-01-10,K4,"2011001","","100000006",EMEA,USD,68943.36,61283.00,7660.36,"","",X
"0050000013","0000000012",2011-01-07,"0000000012",2011-01-09,K4,"2011001","","100000003",AMER,USD,21262.50,18900.00,2362.50,"","",C
"0050000014","0000000011",2011-01-07,"0000000011",2011-01-09,K4,"2011001","","100000001",AMER,USD,56025.00,49800.00,6225.00,"","",C
"0050000015","0000000013",2011-01-08,"0000000013",2011-01-10,K4,"2011001","","100000003",AMER,USD,60689.24,53946.00,6743.24,"","",C
"0050000016","0000000022",2011-01-09,"0000000022",2011-01-11,K4,"2011001","","100000038",EMEA,USD,72725.62,64645.00,8080.62,"","",C
"0050000017","0000000018",2011-01-09,"0000000018",2011-01-11,K4,"2011001","","100000037",EMEA,USD,114798.34,102043.00,12755.34,"","",C
"0050000018","0000000010",2011-01-09,"0000000010",2011-01-12,K4,"2011001","","100000002",AMER,USD,41737.50,37100.00,4637.50,"","",C
"0050000019","0000000012",2011-01-09,"0000000012",2011-01-10,K4,"2011001","","100000031",AMER,USD,21150.00,18800.00,2350.00,"","",C
"0050000020","0000000019",2011-01-10,"0000000019",2011-01-13,K4,"2011001","","100000035",EMEA,USD,87847.85,78087.00,9760.85,"","",C
"0050000021","0000000019",2011-01-11,"0000000019",2011-01-13,K4,"2011001","","100000036",EMEA,USD,74816.98,66504.00,8312.98,"","",C
"0050000022","0000000018",2011-01-12,"0000000018",2011-01-15,K4,"2011001","","100000037",EMEA,USD,92562.73,82278.00,10284.73,"","",C
"0050000023","0000000018",2011-01-12,"0000000018",2011-01-14,K4,"2011001","","100000006",EMEA,USD,86900.62,77245.00,9655.62,"","",C
"0050000024","0000000023",2011-01-13,"0000000023",2011-01-15,K4,"2011001","","100000029",EMEA,USD,105321.36,93619.00,11702.36,"","",C
"0050000025","0000000007",2011-01-14,"0000000007",2011-01-15,K4,"2011001","","100000000",AMER,USD,91987.85,81767.00,10220.85,"","",C
"0050000026","0000000006",2011-01-15,"0000000006",2011-01-18,K4,"2011001","","100000011",EMEA,USD,53151.74,47246.00,5905.74,"","",C
"0050000027","0000000013",2011-01-15,"0000000013",2011-01-16,K4,"2011001","","100000001",AMER,USD,53998.87,47999.00,5999.87,"","",C
"0050000028","0000000015",2011-01-15,"0000000015",2011-01-18,K4,"2011001","","100000012",EMEA,USD,94784.60,84253.00,10531.60,"","",C
"0050000029","0000000015",2011-01-15,"0000000015",2011-01-17,K4,"2011001","","100000009",EMEA,USD,94161.35,83699.00,10462.35,"","",C
"0050000030","0000000010",2011-01-15,"0000000010",2011-01-17,K4,"2011001","","100000001",AMER,USD,83639.24,74346.00,9293.24,"","",C
"0050000031","0000000018",2011-01-16,"0000000018",2011-01-17,K4,"2011001","","100000007",EMEA,USD,93419.99,83040.00,10379.99,"","",C
"0050000032","0000000018",2011-01-16,"0000000018",2011-01-19,K4,"2011001","","100000010",EMEA,USD,3375.00,3000.00,375.00,"","",C
"0050000033","0000000014",2011-01-16,"0000000014",2011-01-18,K4,"2011001","","100000034",AMER,USD,31837.50,28300.00,3537.50,"","",C
"0050000034","0000000023",2011-01-16,"0000000023",2011-01-18,K4,"2011001","","100000009",EMEA,USD,86155.85,76583.00,9572.85,"","",C
"0050000035","0000000022",2011-01-16,"0000000022",2011-01-17,K4,"2011001","","100000013",EMEA,USD,36759.37,32675.00,4084.37,"","",C
"0050000036","0000000012",2011-01-17,"0000000012",2011-01-20,K4,"2011001","","100000002",AMER,USD,85816.09,76281.00,9535.09,"","",C
"0050000037","0000000011",2011-01-17,"0000000011",2011-01-19,K4,"2011001","","100000033",AMER,USD,76618.11,68105.00,8513.11,"","",C
"0050000038","0000000018",2011-01-17,"0000000018",2011-01-19,K4,"2011001","","100000038",EMEA,USD,27731.25,24650.00,3081.25,"","",C
"0050000039","0000000019",2011-01-17,"0000000019",2011-01-20,K4,"2011001","","100000009",EMEA,USD,100141.86,89015.00,11126.86,"","",C
"0050000040","0000000020",2011-01-17,"0000000020",2011-01-18,K4,"2011001","","100000013",EMEA,USD,59181.75,52606.00,6575.75,"","",C
"0050000041","0000000022",2011-01-17,"0000000022",2011-01-20,K4,"2011001","","100000013",EMEA,USD,83285.99,74032.00,9253.99,"","",C
"0050000042","0000000006",2011-01-18,"0000000006",2011-01-19,K4,"2011001","","100000008",EMEA,USD,110791.10,98481.00,12310.10,"","",C
"0050000043","0000000017",2011-01-18,"0000000017",2011-01-20,K4,"2011001","","100000011",EMEA,USD,67327.87,59847.00,7480.87,"","",C
"0050000044","0000000006",2011-01-19,"0000000006",2011-01-22,K4,"2011001","","100000039",EMEA,USD,79418.24,70594.00,8824.24,"","",C
"0050000045","0000000003",2011-01-19,"0000000003",2011-01-22,K4,"2011001","","100000010",EMEA,USD,75749.59,67333.00,8416.59,"","",C
"0050000046","0000000013",2011-01-20,"0000000013",2011-01-23,K4,"2011001","","100000031",AMER,USD,44325.00,39400.00,4925.00,"","",C
"0050000047","0000000016",2011-01-20,"0000000016",2011-01-22,K4,"2011001","","100000008",EMEA,USD,107971.83,95975.00,11996.83,"","",C
"0050000048","0000000014",2011-01-20,"0000000014",2011-01-23,K4,"2011001","","100000002",AMER,USD,25650.00,22800.00,2850.00,"","",C
"0050000049","0000000016",2011-01-21,"0000000016",2011-01-23,K4,"2011001","","100000007",EMEA,USD,13275.00,11800.00,1475.00,"","",C
"0050000050","0000000003",2011-01-22,"0000000003",2011-01-23,K4,"2011001","","100000014",EMEA,USD,75026.22,66690.00,8336.22,"","",C
"0050000051","0000000003",2011-01-22,"0000000003",2011-01-24,K4,"2011001","","100000012",EMEA,USD,71942.62,63949.00,7993.62,"","",C
"0050000052","0000000006",2011-01-22,"0000000006",2011-01-25,K4,"2011001","","100000006",EMEA,USD,53096.62,47197.00,5899.62,"","",C
"0050000053","0000000007",2011-01-22,"0000000007",2011-01-24,K4,"2011001","","100000001",AMER,USD,29700.00,26400.00,3300.00,"","",C
"0050000054","0000000022",2011-01-23,"0000000022",2011-01-26,K4,"2011001","","100000011",EMEA,USD,10575.00,9400.00,1175.00,"","",C
"0050000055","0000000017",2011-01-23,"0000000017",2011-01-25,K4,"2011001","","100000037",EMEA,USD,73993.47,65772.00,8221.47,"","",C
"0050000056","0000000015",2011-01-23,"0000000015",2011-01-26,K4,"2011001","","100000025",EMEA,USD,16031.25,14250.00,1781.25,"","",C
"0050000057","0000000023",2011-01-23,"0000000023",2011-01-24,K4,"2011001","","100000007",EMEA,USD,77249.23,68666.00,8583.23,"","",C
"0050000058","0000000006",2011-01-23,"0000000006",2011-01-26,K4,"2011001","","100000008",EMEA,USD,53100.00,47200.00,5900.00,"","",C
"0050000059","0000000015",2011-01-23,"0000000015",2011-01-26,K4,"2011001","","100000010",EMEA,USD,70363.12,62545.00,7818.12,"","",X
"0050000060","0000000014",2011-01-23,"0000000014",2011-01-25,K4,"2011001","","100000002",AMER,USD,73571.62,65397.00,8174.62,"","",C
"0050000061","0000000003",2011-01-23,"0000000003",2011-01-26,K4,"2011001","","100000007",EMEA,USD,68844.37,61195.00,7649.37,"","",C
"0050000062","0000000023",2011-01-24,"0000000023",2011-01-25,K4,"2011001","","100000038",EMEA,USD,64399.50,57244.00,7155.50,"","",P
"0050000063","0000000023",2011-01-24,"0000000023",2011-01-27,K4,"2011001","","100000013",EMEA,USD,90898.86,80799.00,10099.86,"","",C
"0050000064","0000000007",2011-01-24,"0000000007",2011-01-25,K4,"2011001","","100000002",AMER,USD,104915.22,93258.00,11657.22,"","",C
"0050000065","0000000007",2011-01-25,"0000000007",2011-01-28,K4,"2011001","","100000034",AMER,USD,68387.60,60789.00,7598.60,"","",P
"0050000066","0000000017",2011-01-25,"0000000017",2011-01-28,K4,"2011001","","100000012",EMEA,USD,34087.50,30300.00,3787.50,"","",C
"0050000067","0000000016",2011-01-26,"0000000016",2011-01-29,K4,"2011001","","100000011",EMEA,USD,105902.95,94136.00,11766.95,"","",C
"0050000068","0000000003",2011-01-26,"0000000003",2011-01-27,K4,"2011001","","100000036",EMEA,USD,30146.62,26797.00,3349.62,"","",C
"0050000069","0000000016",2011-01-27,"0000000016",2011-01-28,K4,"2011001","","100000012",EMEA,USD,83166.73,73926.00,9240.73,"","",C
"0050000070","0000000014",2011-01-28,"0000000014",2011-01-30,K4,"2011001","","100000003",AMER,USD,20475.00,18200.00,2275.00,"","",C
"0050000071","0000000007",2011-01-28,"0000000007",2011-01-30,K4,"2011001","","100000034",AMER,USD,68347.11,60753.00,7594.11,"","",C
"0050000072","0000000021",2011-01-28,"0000000021",2011-01-30,K4,"2011001","","100000008",EMEA,USD,73061.98,64944.00,8117.98,"","",C
"0050000073","0000000017",2011-01-28,"0000000017",2011-01-31,K4,"2011001","","100000039",EMEA,USD,29531.25,26250.00,3281.25,"","",C
"0050000074","0000000023",2011-01-28,"0000000023",2011-01-31,K4,"2011001","","100000012",EMEA,USD,30881.25,27450.00,3431.25,"","",C
"0050000075","0000000018",2011-01-28,"0000000018",2011-01-29,K4,"2011001","","100000014",EMEA,USD,66087.00,58744.00,7343.00,"","",C
"0050000076","0000000020",2011-01-28,"0000000020",2011-01-29,K4,"2011001","","100000008",EMEA,USD,77118.75,68550.00,8568.75,"","",C
"0050000077","0000000016",2011-01-29,"0000000016",2011-02-01,K4,"2011001","","100000036",EMEA,USD,66524.61,59133.00,7391.61,"","",C
"0050000078","0000000009",2011-01-29,"0000000009",2011-02-01,K4,"2011001","","100000032",AMER,USD,113968.09,101305.00,12663.09,"","",C
"0050000079","0000000015",2011-01-29,"0000000015",2011-01-30,K4,"2011001","","100000010",EMEA,USD,99035.98,88032.00,11003.98,"","",C
"0050000080","0000000011",2011-01-29,"0000000011",2011-01-31,K4,"2011001","","100000000",AMER,USD,83689.86,74391.00,9298.86,"","",C
"0050000081","0000000012",2011-01-30,"0000000012",2011-02-02,K4,"2011001","","100000031",AMER,USD,83512.10,74233.00,9279.10,"","",C
"0050000082","0000000016",2011-01-30,"0000000016",2011-02-01,K4,"2011001","","100000010",EMEA,USD,51356.25,45650.00,5706.25,"","",C
"0050000083","0000000003",2011-01-31,"0000000003",2011-02-03,K4,"2011001","","100000037",EMEA,USD,83345.62,74085.00,9260.62,"","",C
"0050000084","0000000019",2011-02-01,"0000000019",2011-02-03,K4,"2011002","","100000009",EMEA,USD,78587.98,69856.00,8731.98,"","",C
"0050000085","0000000019",2011-02-02,"0000000019",2011-02-03,K4,"2011002","","100000011",EMEA,USD,90266.61,80237.00,10029.61,"","",C
"0050000086","0000000019",2011-02-02,"0000000019",2011-02-04,K4,"2011002","","100000014",EMEA,USD,99300.34,88267.00,11033.34,"","",C
"0050000087","0000000007",2011-02-03,"0000000007",2011-02-05,K4,"2011002","","100000032",AMER,USD,72954.00,64848.00,8106.00,"","",C
"0050000088","0000000023",2011-02-03,"0000000023",2011-02-04,K4,"2011002","","100000012",EMEA,USD,69277.49,61580.00,7697.49,"","",C
"0050000089","0000000015",2011-02-03,"0000000015",2011-02-04,K4,"2011002","","100000007",EMEA,USD,89087.57,79189.00,9898.57,"","",C
"0050000090","0000000009",2011-02-04,"0000000009",2011-02-06,K4,"2011002","","100000000",AMER,USD,66151.11,58801.00,7350.11,"","",C
"0050000091","0000000016",2011-02-05,"0000000016",2011-02-07,K4,"2011002","","100000013",EMEA,USD,20137.50,17900.00,2237.50,"","",C
"0050000092","0000000011",2011-02-05,"0000000011",2011-02-07,K4,"2011002","","100000004",AMER,USD,64199.23,57066.00,7133.23,"","",C
"0050000093","0000000011",2011-02-06,"0000000011",2011-02-08,K4,"2011002","","100000031",AMER,USD,57366.00,50992.00,6374.00,"","",C
"0050000094","0000000013",2011-02-06,"0000000013",2011-02-09,K4,"2011002","","100000030",AMER,USD,94985.97,84432.00,10553.97,"","",C
"0050000095","0000000006",2011-02-06,"0000000006",2011-02-09,K4,"2011002","","100000006",EMEA,USD,61305.75,54494.00,6811.75,"","",C
"0050000096","0000000017",2011-02-06,"0000000017",2011-02-08,K4,"2011002","","100000011",EMEA,USD,41062.50,36500.00,4562.50,"","",C
"0050000097","0000000023",2011-02-07,"0000000023",2011-02-08,K4,"2011002","","100000009",EMEA,USD,63956.25,56850.00,7106.25,"","",C
"0050000098","0000000019",2011-02-07,"0000000019",2011-02-09,K4,"2011002","","100000006",EMEA,USD,37888.87,33679.00,4209.87,"","",C
"0050000099","0000000020",2011-02-07,"0000000020",2011-02-08,K4,"2011002","","100000036",EMEA,USD,19687.50,17500.00,2187.50,"","",C
"0050000100","0000000010",2011-02-07,"0000000010",2011-02-09,K4,"2011002","","100000031",AMER,USD,90266.61,80237.00,10029.61,"","",C
"0050000101","0000000021",2011-02-08,"0000000021",2011-02-11,K4,"2011002","","100000012",EMEA,USD,75689.99,67280.00,8409.99,"","",C
"0050000102","0000000023",2011-02-08,"0000000023",2011-02-09,K4,"2011002","","100000011",EMEA,USD,102526.85,91135.00,11391.85,"","",C
"0050000103","0000000010",2011-02-09,"0000000010",2011-02-10,K4,"2011002","","100000033",AMER,USD,121154.60,107693.00,13461.60,"","",C
"0050000104","0000000021",2011-02-09,"0000000021",2011-02-11,K4,"2011002","","100000010",EMEA,USD,17775.00,15800.00,1975.00,"","",C
"0050000105","0000000022",2011-02-09,"0000000022",2011-02-12,K4,"2011002","","100000010",EMEA,USD,88131.35,78339.00,9792.35,"","",C
"0050000106","0000000015",2011-02-09,"0000000015",2011-02-12,K4,"2011002","","100000013",EMEA,USD,70125.73,62334.00,7791.73,"","",C
"0050000107","0000000010",2011-02-09,"0000000010",2011-02-10,K4,"2011002","","100000031",AMER,USD,27337.50,24300.00,3037.50,"","",C
"0050000108","0000000012",2011-02-10,"0000000012",2011-02-13,K4,"2011002","","100000003",AMER,USD,9000.00,8000.00,1000.00,"","",C
"0050000109","0000000017",2011-02-11,"0000000017",2011-02-13,K4,"2011002","","100000013",EMEA,USD,64753.86,57559.00,7194.86,"","",X
"0050000110","0000000015",2011-02-11,"0000000015",2011-02-13,K4,"2011002","","100000039",EMEA,USD,27337.50,24300.00,3037.50,"","",C
"0050000111","0000000019",2011-02-12,"0000000019",2011-02-15,K4,"2011002","","100000036",EMEA,USD,110244.34,97995.00,12249.34,"","",C
"0050000112","0000000011",2011-02-12,"0000000011",2011-02-13,K4,"2011002","","100000002",AMER,USD,102491.95,91104.00,11387.95,"","",C
"0050000113","0000000012",2011-02-13,"0000000012",2011-02-16,K4,"2011002","","100000004",AMER,USD,95187.35,84611.00,10576.35,"","",C
"0050000114","0000000006",2011-02-13,"0000000006",2011-02-15,K4,"2011002","","100000038",EMEA,USD,10800.00,9600.00,1200.00,"","",C
"0050000115","0000000009",2011-02-13,"0000000009",2011-02-15,K4,"2011002","","100000034",AMER,USD,82048.48,72932.00,9116.48,"","",C
"0050000116","0000000010",2011-02-14,"0000000010",2011-02-16,K4,"2011002","","100000002",AMER,USD,58666.50,52148.00,6518.50,"","",C
"0050000117","0000000015",2011-02-14,"0000000015",2011-02-15,K4,"2011002","","100000036",EMEA,USD,77478.72,68870.00,8608.72,"","",C
"0050000118","0000000022",2011-02-15,"0000000022",2011-02-17,K4,"2011002","","100000039",EMEA,USD,92572.86,82287.00,10285.86,"","",C
"0050000119","0000000006",2011-02-16,"0000000006",2011-02-19,K4,"2011002","","100000036",EMEA,USD,50512.50,44900.00,5612.50,"","",C
"0050000120","0000000022",2011-02-16,"0000000022",2011-02-19,K4,"2011002","","100000039",EMEA,USD,78342.73,69638.00,8704.73,"","",C
"0050000121","0000000015",2011-02-16,"0000000015",2011-02-18,K4,"2011002","","100000010",EMEA,USD,17775.00,15800.00,1975.00,"","",C
"0050000122","0000000022",2011-02-16,"0000000022",2011-02-19,K4,"2011002","","100000010",EMEA,USD,55918.12,49705.00,6213.12,"","",C
"0050000123","0000000017",2011-02-16,"0000000017",2011-02-18,K4,"2011002","","100000010",EMEA,USD,63391.50,56348.00,7043.50,"","",C
"0050000124","0000000019",2011-02-17,"0000000019",2011-02-18,K4,"2011002","","100000035",EMEA,USD,52312.50,46500.00,5812.50,"","",C
"0050000125","0000000007",2011-02-18,"0000000007",2011-02-21,K4,"2011002","","100000031",AMER,USD,72517.48,64460.00,8057.48,"","",C
"0050000126","0000000012",2011-02-19,"0000000012",2011-02-22,K4,"2011002","","100000002",AMER,USD,83130.74,73894.00,9236.74,"","",C
"0050000127","0000000011",2011-02-20,"0000000011",2011-02-23,K4,"2011002","","100000034",AMER,USD,336.37,299.00,37.37,"","",C
"0050000128","0000000012",2011-02-21,"0000000012",2011-02-22,K4,"2011002","","100000033",AMER,USD,32287.50,28700.00,3587.50,"","",C
"0050000129","0000000015",2011-02-21,"0000000015",2011-02-23,K4,"2011002","","100000037",EMEA,USD,14850.00,13200.00,1650.00,"","",C
"0050000130","0000000003",2011-02-21,"0000000003",2011-02-24,K4,"2011002","","100000014",EMEA,USD,92631.35,82339.00,10292.35,"","",C
"0050000131","0000000010",2011-02-21,"0000000010",2011-02-22,K4,"2011002","","100000000",AMER,USD,74209.47,65964.00,8245.47,"","",C
"0050000132","0000000015",2011-02-21,"0000000015",2011-02-24,K4,"2011002","","100000008",EMEA,USD,79602.72,70758.00,8844.72,"","",C
"0050000133","0000000020",2011-02-22,"0000000020",2011-02-23,K4,"2011002","","100000039",EMEA,USD,7593.75,6750.00,843.75,"","",C
"0050000134","0000000006",2011-02-22,"0000000006",2011-02-24,K4,"2011002","","100000039",EMEA,USD,59282.99,52696.00,6586.99,"","",C
"0050000135","0000000004",2011-02-23,"0000000004",2011-02-24,K4,"2011002","","100000022",APJ,USD,40162.50,35700.00,4462.50,"","",C
"0050000136","0000000015",2011-02-23,"0000000015",2011-02-24,K4,"2011002","","100000038",EMEA,USD,31781.25,28250.00,3531.25,"","",C
"0050000137","0000000023",2011-02-23,"0000000023",2011-02-25,K4,"2011002","","100000036",EMEA,USD,100650.34,89467.00,11183.34,"","",C
"0050000138","0000000024",2011-02-23,"0000000024",2011-02-26,K4,"2011002","","100000021",APJ,USD,60889.49,54124.00,6765.49,"","",C
"0050000139","0000000014",2011-02-23,"0000000014",2011-02-24,K4,"2011002","","100000000",AMER,USD,82101.35,72979.00,9122.35,"","",C
"0050000140","0000000009",2011-02-23,"0000000009",2011-02-25,K4,"2011002","","100000000",AMER,USD,75679.86,67271.00,8408.86,"","",C
"0050000141","0000000010",2011-02-23,"0000000010",2011-02-24,K4,"2011002","","100000032",AMER,USD,32793.75,29150.00,3643.75,"","",C
"0050000142","0000000014",2011-02-23,"0000000014",2011-02-25,K4,"2011002","","100000030",AMER,USD,67605.74,60094.00,7511.74,"","",C
"0050000143","0000000003",2011-02-23,"0000000003",2011-02-26,K4,"2011002","","100000009",EMEA,USD,69081.74,61406.00,7675.74,"","",C
"0050000144","0000000018",2011-02-23,"0000000018",2011-02-24,K4,"2011002","","100000012",EMEA,USD,47022.74,41798.00,5224.74,"","",C
"0050000145","0000000006",2011-02-23,"0000000006",2011-02-26,K4,"2011002","","100000005",EMEA,USD,53497.11,47553.00,5944.11,"","",C
"0050000146","0000000015",2011-02-23,"0000000015",2011-02-25,K4,"2011002","","100000038",EMEA,USD,58039.87,51591.00,6448.87,"","",C
"0050000147","0000000017",2011-02-23,"0000000017",2011-02-25,K4,"2011002","","100000035",EMEA,USD,51017.62,45349.00,5668.62,"","",C
"0050000148","0000000015",2011-02-23,"0000000015",2011-02-25,K4,"2011002","","100000012",EMEA,USD,33525.00,29800.00,3725.00,"","",C
"0050000149","0000000011",2011-02-23,"0000000011",2011-02-26,K4,"2011002","","100000030",AMER,USD,60136.87,53455.00,6681.87,"","",C
"0050000150","0000000015",2011-02-23,"0000000015",2011-02-26,K4,"2011002","","100000035",EMEA,USD,50456.25,44850.00,5606.25,"","",C
"0050000151","0000000023",2011-02-23,"0000000023",2011-02-26,K4,"2011002","","100000008",EMEA,USD,85074.72,75622.00,9452.72,"","",C
"0050000152","0000000014",2011-02-24,"0000000014",2011-02-26,K4,"2011002","","100000034",AMER,USD,85099.49,75644.00,9455.49,"","",C
"0050000153","0000000009",2011-02-25,"0000000009",2011-02-28,K4,"2011002","","100000002",AMER,USD,65327.61,58069.00,7258.61,"","",C
"0050000154","0000000007",2011-02-25,"0000000007",2011-02-27,K4,"2011002","","100000001",AMER,USD,71821.11,63841.00,7980.11,"","",C
"0050000155","0000000018",2011-02-25,"0000000018",2011-02-28,K4,"2011002","","100000007",EMEA,USD,16537.50,14700.00,1837.50,"","",P
"0050000156","0000000006",2011-02-26,"0000000006",2011-02-28,K4,"2011002","","100000035",EMEA,USD,87218.99,77528.00,9690.99,"","",C
"0050000157","0000000016",2011-02-26,"0000000016",2011-02-27,K4,"2011002","","100000012",EMEA,USD,41175.00,36600.00,4575.00,"","",C
"0050000158","0000000018",2011-02-26,"0000000018",2011-02-27,K4,"2011002","","100000026",EMEA,USD,69186.37,61499.00,7687.37,"","",C
"0050000159","0000000011",2011-02-26,"0000000011",2011-02-27,K4,"2011002","","100000002",AMER,USD,46856.25,41650.00,5206.25,"","",C
"0050000160","0000000006",2011-02-26,"0000000006",2011-02-27,K4,"2011002","","100000013",EMEA,USD,61200.00,54400.00,6800.00,"","",C
"0050000161","0000000023",2011-02-26,"0000000023",2011-02-27,K4,"2011002","","100000008",EMEA,USD,22725.00,20200.00,2525.00,"","",C
"0050000162","0000000023",2011-02-26,"0000000023",2011-02-28,K4,"2011002","","100000039",EMEA,USD,79657.86,70807.00,8850.86,"","",C
"0050000163","0000000016",2011-02-26,"0000000016",2011-03-01,K4,"2011002","","100000005",EMEA,USD,70143.75,62350.00,7793.75,"","",C
"0050000164","0000000019",2011-02-26,"0000000019",2011-02-27,K4,"2011002","","100000039",EMEA,USD,70142.62,62349.00,7793.62,"","",C
"0050000165","0000000015",2011-02-26,"0000000015",2011-02-27,K4,"2011002","","100000035",EMEA,USD,73738.12,65545.00,8193.12,"","",C
"0050000166","0000000016",2011-02-27,"0000000016",2011-02-28,K4,"2011002","","100000036",EMEA,USD,14343.75,12750.00,1593.75,"","",C
"0050000167","0000000007",2011-02-28,"0000000007",2011-03-02,K4,"2011002","","100000003",AMER,USD,717.75,638.00,79.75,"","",C
"0050000168","0000000012",2011-02-28,"0000000012",2011-03-03,K4,"2011002","","100000033",AMER,USD,104020.85,92463.00,11557.85,"","",C
"0050000169","0000000011",2011-03-01,"0000000011",2011-03-03,K4,"2011003","","100000033",AMER,USD,38643.75,34350.00,4293.75,"","",C
"0050000170","0000000003",2011-03-01,"0000000003",2011-03-03,K4,"2011003","","100000012",EMEA,USD,101841.74,90526.00,11315.74,"","",C
"0050000171","0000000007",2011-03-02,"0000000007",2011-03-05,K4,"2011003","","100000031",AMER,USD,57765.37,51347.00,6418.37,"","",C
"0050000172","0000000016",2011-03-02,"0000000016",2011-03-03,K4,"2011003","","100000038",EMEA,USD,20025.00,17800.00,2225.00,"","",C
"0050000173","0000000016",2011-03-03,"0000000016",2011-03-06,K4,"2011003","","100000007",EMEA,USD,101555.96,90272.00,11283.96,"","",C
"0050000174","0000000007",2011-03-03,"0000000007",2011-03-06,K4,"2011003","","100000004",AMER,USD,22612.50,20100.00,2512.50,"","",C
"0050000175","0000000010",2011-03-03,"0000000010",2011-03-04,K4,"2011003","","100000033",AMER,USD,124385.60,110565.00,13820.60,"","",C
"0050000176","0000000007",2011-03-03,"0000000007",2011-03-06,K4,"2011003","","100000033",AMER,USD,37575.00,33400.00,4175.00,"","",C
"0050000177","0000000007",2011-03-03,"0000000007",2011-03-06,K4,"2011003","","100000034",AMER,USD,76435.87,67943.00,8492.87,"","",C
"0050000178","0000000006",2011-03-04,"0000000006",2011-03-06,K4,"2011003","","100000036",EMEA,USD,56405.25,50138.00,6267.25,"","",C
"0050000179","0000000021",2011-03-05,"0000000021",2011-03-08,K4,"2011003","","100000012",EMEA,USD,74557.11,66273.00,8284.11,"","",C
"0050000180","0000000003",2011-03-05,"0000000003",2011-03-07,K4,"2011003","","100000036",EMEA,USD,34362.00,30544.00,3818.00,"","",C
"0050000181","0000000017",2011-03-06,"0000000017",2011-03-07,K4,"2011003","","100000013",EMEA,USD,74860.85,66543.00,8317.85,"","",C
"0050000182","0000000023",2011-03-07,"0000000023",2011-03-09,K4,"2011003","","100000037",EMEA,USD,12150.00,10800.00,1350.00,"","",C
"0050000183","0000000015",2011-03-07,"0000000015",2011-03-08,K4,"2011003","","100000009",EMEA,USD,85164.73,75702.00,9462.73,"","",C
"0050000184","0000000007",2011-03-07,"0000000007",2011-03-10,K4,"2011003","","100000001",AMER,USD,66600.00,59200.00,7400.00,"","",X
"0050000185","0000000009",2011-03-08,"0000000009",2011-03-11,K4,"2011003","","100000032",AMER,USD,16200.00,14400.00,1800.00,"","",C
"0050000186","0000000007",2011-03-09,"0000000007",2011-03-10,K4,"2011003","","100000002",AMER,USD,81331.86,72295.00,9036.86,"","",C
"0050000187","0000000013",2011-03-10,"0000000013",2011-03-12,K4,"2011003","","100000000",AMER,USD,108655.84,96583.00,12072.84,"","",C
"0050000188","0000000022",2011-03-10,"0000000022",2011-03-12,K4,"2011003","","100000014",EMEA,USD,69528.33,61803.00,7725.33,"","",C
"0050000189","0000000022",2011-03-10,"0000000022",2011-03-12,K4,"2011003","","100000009",EMEA,USD,96024.33,85355.00,10669.33,"","",C
"0050000190","0000000006",2011-03-11,"0000000006",2011-03-14,K4,"2011003","","100000035",EMEA,USD,28924.87,25711.00,3213.87,"","",C
"0050000191","0000000021",2011-03-12,"0000000021",2011-03-13,K4,"2011003","","100000013",EMEA,USD,77168.25,68594.00,8574.25,"","",C
"0050000192","0000000014",2011-03-12,"0000000014",2011-03-15,K4,"2011003","","100000034",AMER,USD,83776.49,74468.00,9308.49,"","",C
"0050000193","0000000003",2011-03-12,"0000000003",2011-03-13,K4,"2011003","","100000006",EMEA,USD,83203.85,73959.00,9244.85,"","",C
"0050000194","0000000015",2011-03-13,"0000000015",2011-03-14,K4,"2011003","","100000038",EMEA,USD,86783.60,77141.00,9642.60,"","",C
"0050000195","0000000018",2011-03-13,"0000000018",2011-03-14,K4,"2011003","","100000007",EMEA,USD,109876.45,97668.00,12208.45,"","",C
"0050000196","0000000014",2011-03-14,"0000000014",2011-03-15,K4,"2011003","","100000000",AMER,USD,6412.50,5700.00,712.50,"","",C
"0050000197","0000000010",2011-03-15,"0000000010",2011-03-17,K4,"2011003","","100000003",AMER,USD,63840.37,56747.00,7093.37,"","",C
"0050000198","0000000018",2011-03-16,"0000000018",2011-03-19,K4,"2011003","","100000013",EMEA,USD,76334.59,67853.00,8481.59,"","",C
"0050000199","0000000012",2011-03-16,"0000000012",2011-03-18,K4,"2011003","","100000001",AMER,USD,72275.61,64245.00,8030.61,"","",C
"0050000200","0000000014",2011-03-17,"0000000014",2011-03-20,K4,"2011003","","100000030",AMER,USD,52753.48,46892.00,5861.48,"","",C
"0050000201","0000000022",2011-03-17,"0000000022",2011-03-20,K4,"2011003","","100000035",EMEA,USD,91506.36,81339.00,10167.36,"","",C
"0050000202","0000000003",2011-03-18,"0000000003",2011-03-19,K4,"2011003","","100000009",EMEA,USD,21710.25,19298.00,2412.25,"","",C
"0050000203","0000000011",2011-03-18,"0000000011",2011-03-21,K4,"2011003","","100000004",AMER,USD,29868.75,26550.00,3318.75,"","",C
"0050000204","0000000015",2011-03-19,"0000000015",2011-03-21,K4,"2011003","","100000011",EMEA,USD,29081.25,25850.00,3231.25,"","",C
"0050000205","0000000014",2011-03-20,"0000000014",2011-03-21,K4,"2011003","","100000030",AMER,USD,87805.12,78049.00,9756.12,"","",C
"0050000206","0000000021",2011-03-21,"0000000021",2011-03-24,K4,"2011003","","100000010",EMEA,USD,54771.74,48686.00,6085.74,"","",C
"0050000207","0000000017",2011-03-21,"0000000017",2011-03-24,K4,"2011003","","100000009",EMEA,USD,60581.25,53850.00,6731.25,"","",C
"0050000208","0000000023",2011-03-22,"0000000023",2011-03-24,K4,"2011003","","100000013",EMEA,USD,45506.25,40450.00,5056.25,"","",C
"0050000209","0000000022",2011-03-22,"0000000022",2011-03-24,K4,"2011003","","100000009",EMEA,USD,55589.62,49413.00,6176.62,"","",C
"0050000210","0000000023",2011-03-22,"0000000023",2011-03-23,K4,"2011003","","100000039",EMEA,USD,60556.50,53828.00,6728.50,"","",C
"0050000211","0000000022",2011-03-23,"0000000022",2011-03-26,K4,"2011003","","100000036",EMEA,USD,122523.72,108910.00,13613.72,"","",C
"0050000212","0000000003",2011-03-23,"0000000003",2011-03-24,K4,"2011003","","100000013",EMEA,USD,74920.49,66596.00,8324.49,"","",C
"0050000213","0000000003",2011-03-23,"0000000003",2011-03-25,K4,"2011003","","100000009",EMEA,USD,87005.22,77338.00,9667.22,"","",C
"0050000214","0000000010",2011-03-24,"0000000010",2011-03-27,K4,"2011003","","100000000",AMER,USD,24975.00,22200.00,2775.00,"","",C
"0050000215","0000000010",2011-03-24,"0000000010",2011-03-26,K4,"2011003","","100000034",AMER,USD,15637.50,13900.00,1737.50,"","",C
"0050000216","0000000022",2011-03-24,"0000000022",2011-03-26,K4,"2011003","","100000010",EMEA,USD,98301.33,87379.00,10922.33,"","",C
"0050000217","0000000023",2011-03-24,"0000000023",2011-03-27,K4,"2011003","","100000012",EMEA,USD,11250.00,10000.00,1250.00,"","",C
"0050000218","0000000006",2011-03-24,"0000000006",2011-03-27,K4,"2011003","","100000037",EMEA,USD,68146.84,60575.00,7571.84,"","",C
"0050000219","0000000023",2011-03-24,"0000000023",2011-03-26,K4,"2011003","","100000039",EMEA,USD,35154.00,31248.00,3906.00,"","",C
"0050000220","0000000003",2011-03-25,"0000000003",2011-03-26,K4,"2011003","","100000035",EMEA,USD,58192.85,51727.00,6465.85,"","",C
"0050000221","0000000015",2011-03-25,"0000000015",2011-03-26,K4,"2011003","","100000035",EMEA,USD,85580.98,76072.00,9508.98,"","",C
"0050000222","0000000015",2011-03-25,"0000000015",2011-03-27,K4,"2011003","","100000014",EMEA,USD,114598.10,101865.00,12733.10,"","",P
"0050000223","0000000013",2011-03-25,"0000000013",2011-03-26,K4,"2011003","","100000004",AMER,USD,67520.23,60018.00,7502.23,"","",C
"0050000224","0000000010",2011-03-25,"0000000010",2011-03-28,K4,"2011003","","100000001",AMER,USD,54222.75,48198.00,6024.75,"","",C
"0050000225","0000000003",2011-03-26,"0000000003",2011-03-28,K4,"2011003","","100000008",EMEA,USD,58307.61,51829.00,6478.61,"","",C
"0050000226","0000000009",2011-03-27,"0000000009",2011-03-28,K4,"2011003","","100000034",AMER,USD,87978.35,78203.00,9775.35,"","",C
"0050000227","0000000017",2011-03-28,"0000000017",2011-03-29,K4,"2011003","","100000013",EMEA,USD,57600.00,51200.00,6400.00,"","",C
"0050000228","0000000007",2011-03-29,"0000000007",2011-03-30,K4,"2011003","","100000000",AMER,USD,96487.84,85767.00,10720.84,"","",C
"0050000229","0000000019",2011-03-29,"0000000019",2011-03-31,K4,"2011003","","100000011",EMEA,USD,58665.37,52147.00,6518.37,"","",C
"0050000230","0000000003",2011-03-30,"0000000003",2011-04-02,K4,"2011003","","100000038",EMEA,USD,50906.25,45250.00,5656.25,"","",C
"0050000231","0000000021",2011-03-30,"0000000021",2011-04-02,K4,"2011003","","100000009",EMEA,USD,85121.97,75664.00,9457.97,"","",C
"0050000232","0000000004",2011-03-31,"0000000004",2011-04-02,K4,"2011003","","100000015",APJ,USD,112091.58,99637.00,12454.58,"","",C
"0050000233","0000000016",2011-03-31,"0000000016",2011-04-03,K4,"2011003","","100000010",EMEA,USD,58098.37,51643.00,6455.37,"","",C
"0050000234","0000000019",2011-03-31,"0000000019",2011-04-03,K4,"2011003","","100000007",EMEA,USD,70141.50,62348.00,7793.50,"","",C
"0050000235","0000000021",2011-04-01,"0000000021",2011-04-04,K4,"2011004","","100000010",EMEA,USD,49044.37,43595.00,5449.37,"","",C
"0050000236","0000000006",2011-04-01,"0000000006",2011-04-04,K4,"2011004","","100000012",EMEA,USD,94370.59,83885.00,10485.59,"","",C
"0050000237","0000000015",2011-04-01,"0000000015",2011-04-04,K4,"2011004","","100000037",EMEA,USD,51806.25,46050.00,5756.25,"","",C
"0050000238","0000000020",2011-04-01,"0000000020",2011-04-03,K4,"2011004","","100000013",EMEA,USD,116074.09,103177.00,12897.09,"","",C
"0050000239","0000000006",2011-04-01,"0000000006",2011-04-04,K4,"2011004","","100000009",EMEA,USD,31781.25,28250.00,3531.25,"","",C
"0050000240","0000000021",2011-04-01,"0000000021",2011-04-03,K4,"2011004","","100000009",EMEA,USD,86774.62,77133.00,9641.62,"","",C
"0050000241","0000000010",2011-04-01,"0000000010",2011-04-02,K4,"2011004","","100000004",AMER,USD,95776.84,85135.00,10641.84,"","",C
"0050000242","0000000014",2011-04-01,"0000000014",2011-04-02,K4,"2011004","","100000002",AMER,USD,91280.25,81138.00,10142.25,"","",C
"0050000243","0000000014",2011-04-02,"0000000014",2011-04-05,K4,"2011004","","100000034",AMER,USD,73514.25,65346.00,8168.25,"","",C
"0050000244","0000000022",2011-04-02,"0000000022",2011-04-03,K4,"2011004","","100000035",EMEA,USD,2531.25,2250.00,281.25,"","",C
"0050000245","0000000019",2011-04-02,"0000000019",2011-04-03,K4,"2011004","","100000036",EMEA,USD,109442.23,97282.00,12160.23,"","",C
"0050000246","0000000013",2011-04-02,"0000000013",2011-04-05,K4,"2011004","","100000000",AMER,USD,69265.09,61569.00,7696.09,"","",C
"0050000247","0000000014",2011-04-02,"0000000014",2011-04-03,K4,"2011004","","100000033",AMER,USD,57881.25,51450.00,6431.25,"","",C
"0050000248","0000000014",2011-04-03,"0000000014",2011-04-05,K4,"2011004","","100000031",AMER,USD,19572.75,17398.00,2174.75,"","",C
"0050000249","0000000014",2011-04-03,"0000000014",2011-04-06,K4,"2011004","","100000004",AMER,USD,68333.60,60741.00,7592.60,"","",C
"0050000250","0000000010",2011-04-04,"0000000010",2011-04-06,K4,"2011004","","100000000",AMER,USD,23231.25,20650.00,2581.25,"","",C
"0050000251","0000000019",2011-04-04,"0000000019",2011-04-07,K4,"2011004","","100000009",EMEA,USD,56306.25,50050.00,6256.25,"","",C
"0050000252","0000000016",2011-04-04,"0000000016",2011-04-07,K4,"2011004","","100000012",EMEA,USD,100337.59,89189.00,11148.59,"","",C
"0050000253","0000000016",2011-04-04,"0000000016",2011-04-05,K4,"2011004","","100000013",EMEA,USD,117646.84,104575.00,13071.84,"","",C
"0050000254","0000000003",2011-04-05,"0000000003",2011-04-06,K4,"2011004","","100000014",EMEA,USD,127336.46,113188.00,14148.46,"","",C
"0050000255","0000000014",2011-04-05,"0000000014",2011-04-08,K4,"2011004","","100000004",AMER,USD,122708.20,109074.00,13634.20,"","",C
"0050000256","0000000012",2011-04-05,"0000000012",2011-04-06,K4,"2011004","","100000033",AMER,USD,87663.36,77923.00,9740.36,"","",C
"0050000257","0000000026",2011-04-05,"0000000026",2011-04-06,K4,"2011004","","100000016",APJ,USD,115869.33,102995.00,12874.33,"","",C
"0050000258","0000000012",2011-04-05,"0000000012",2011-04-08,K4,"2011004","","100000034",AMER,USD,100302.73,89158.00,11144.73,"","",C
"0050000259","0000000011",2011-04-05,"0000000011",2011-04-06,K4,"2011004","","100000000",AMER,USD,54281.25,48250.00,6031.25,"","",C
"0050000260","0000000020",2011-04-05,"0000000020",2011-04-06,K4,"2011004","","100000038",EMEA,USD,103605.72,92094.00,11511.72,"","",C
"0050000261","0000000011",2011-04-05,"0000000011",2011-04-06,K4,"2011004","","100000034",AMER,USD,72662.62,64589.00,8073.62,"","",C
"0050000262","0000000018",2011-04-05,"0000000018",2011-04-07,K4,"2011004","","100000035",EMEA,USD,99887.60,88789.00,11098.60,"","",C
"0050000263","0000000011",2011-04-05,"0000000011",2011-04-08,K4,"2011004","","100000031",AMER,USD,84056.60,74717.00,9339.60,"","",C
"0050000264","0000000007",2011-04-05,"0000000007",2011-04-07,K4,"2011004","","100000003",AMER,USD,103447.10,91953.00,11494.10,"","",C
"0050000265","0000000018",2011-04-06,"0000000018",2011-04-07,K4,"2011004","","100000038",EMEA,USD,96722.98,85976.00,10746.98,"","",C
"0050000266","0000000017",2011-04-07,"0000000017",2011-04-10,K4,"2011004","","100000035",EMEA,USD,18675.00,16600.00,2075.00,"","",C
"0050000267","0000000013",2011-04-07,"0000000013",2011-04-10,K4,"2011004","","100000000",AMER,USD,81467.96,72416.00,9051.96,"","",C
"0050000268","0000000003",2011-04-07,"0000000003",2011-04-10,K4,"2011004","","100000036",EMEA,USD,90987.72,80878.00,10109.72,"","",C
"0050000269","0000000023",2011-04-07,"0000000023",2011-04-10,K4,"2011004","","100000008",EMEA,USD,90442.10,80393.00,10049.10,"","",C
"0050000270","0000000010",2011-04-07,"0000000010",2011-04-08,K4,"2011004","","100000034",AMER,USD,105167.22,93482.00,11685.22,"","",C
"0050000271","0000000006",2011-04-07,"0000000006",2011-04-08,K4,"2011004","","100000013",EMEA,USD,54165.37,48147.00,6018.37,"","",C
"0050000272","0000000019",2011-04-07,"0000000019",2011-04-09,K4,"2011004","","100000008",EMEA,USD,78186.37,69499.00,8687.37,"","",C
"0050000273","0000000023",2011-04-07,"0000000023",2011-04-08,K4,"2011004","","100000007",EMEA,USD,58668.75,52150.00,6518.75,"","",C
"0050000274","0000000013",2011-04-08,"0000000013",2011-04-11,K4,"2011004","","100000003",AMER,USD,89259.73,79342.00,9917.73,"","",C
"0050000275","0000000009",2011-04-08,"0000000009",2011-04-09,K4,"2011004","","100000000",AMER,USD,63527.61,56469.00,7058.61,"","",C
"0050000276","0000000003",2011-04-08,"0000000003",2011-04-10,K4,"2011004","","100000011",EMEA,USD,56756.25,50450.00,6306.25,"","",C
"0050000277","0000000006",2011-04-09,"0000000006",2011-04-12,K4,"2011004","","100000026",EMEA,USD,101910.36,90587.00,11323.36,"","",C
"0050000278","0000000014",2011-04-10,"0000000014",2011-04-13,K4,"2011004","","100000002",AMER,USD,76733.99,68208.00,8525.99,"","",C
"0050000279","0000000018",2011-04-11,"0000000018",2011-04-14,K4,"2011004","","100000009",EMEA,USD,49050.00,43600.00,5450.00,"","",C
"0050000280","0000000011",2011-04-12,"0000000011",2011-04-15,K4,"2011004","","100000032",AMER,USD,68297.62,60709.00,7588.62,"","",X
"0050000281","0000000017",2011-04-13,"0000000017",2011-04-16,K4,"2011004","","100000038",EMEA,USD,33975.00,30200.00,3775.00,"","",C
"0050000282","0000000010",2011-04-13,"0000000010",2011-04-15,K4,"2011004","","100000032",AMER,USD,96918.72,86150.00,10768.72,"","",C
"0050000283","0000000010",2011-04-13,"0000000010",2011-04-16,K4,"2011004","","100000000",AMER,USD,64290.37,57147.00,7143.37,"","",C
"0050000284","0000000007",2011-04-14,"0000000007",2011-04-15,K4,"2011004","","100000001",AMER,USD,55732.50,49540.00,6192.50,"","",C
"0050000285","0000000007",2011-04-14,"0000000007",2011-04-15,K4,"2011004","","100000030",AMER,USD,80310.35,71387.00,8923.35,"","",C
"0050000286","0000000011",2011-04-14,"0000000011",2011-04-16,K4,"2011004","","100000033",AMER,USD,81715.48,72636.00,9079.48,"","",C
"0050000287","0000000014",2011-04-14,"0000000014",2011-04-17,K4,"2011004","","100000030",AMER,USD,65986.86,58655.00,7331.86,"","",C
"0050000288","0000000013",2011-04-15,"0000000013",2011-04-18,K4,"2011004","","100000031",AMER,USD,20250.00,18000.00,2250.00,"","",C
"0050000289","0000000009",2011-04-16,"0000000009",2011-04-17,K4,"2011004","","100000030",AMER,USD,23737.50,21100.00,2637.50,"","",C
"0050000290","0000000016",2011-04-16,"0000000016",2011-04-17,K4,"2011004","","100000005",EMEA,USD,54692.99,48616.00,6076.99,"","",C
"0050000291","0000000019",2011-04-17,"0000000019",2011-04-18,K4,"2011004","","100000006",EMEA,USD,31893.75,28350.00,3543.75,"","",C
"0050000292","0000000014",2011-04-17,"0000000014",2011-04-19,K4,"2011004","","100000003",AMER,USD,14625.00,13000.00,1625.00,"","",C
"0050000293","0000000023",2011-04-17,"0000000023",2011-04-19,K4,"2011004","","100000013",EMEA,USD,80771.59,71797.00,8974.59,"","",C
"0050000294","0000000012",2011-04-17,"0000000012",2011-04-20,K4,"2011004","","100000030",AMER,USD,120758.59,107341.00,13417.59,"","",C
"0050000295","0000000009",2011-04-17,"0000000009",2011-04-20,K4,"2011004","","100000031",AMER,USD,96343.86,85639.00,10704.86,"","",C
"0050000296","0000000007",2011-04-18,"0000000007",2011-04-20,K4,"2011004","","100000032",AMER,USD,16875.00,15000.00,1875.00,"","",C
"0050000297","0000000003",2011-04-18,"0000000003",2011-04-20,K4,"2011004","","100000010",EMEA,USD,1687.50,1500.00,187.50,"","",C
"0050000298","0000000006",2011-04-19,"0000000006",2011-04-20,K4,"2011004","","100000007",EMEA,USD,6750.00,6000.00,750.00,"","",X
"0050000299","0000000022",2011-04-20,"0000000022",2011-04-22,K4,"2011004","","100000013",EMEA,USD,67415.60,59925.00,7490.60,"","",C
"0050000300","0000000020",2011-04-21,"0000000020",2011-04-24,K4,"2011004","","100000006",EMEA,USD,122533.83,108919.00,13614.83,"","",C
"0050000301","0000000016",2011-04-21,"0000000016",2011-04-24,K4,"2011004","","100000010",EMEA,USD,4275.00,3800.00,475.00,"","",C
"0050000302","0000000017",2011-04-21,"0000000017",2011-04-22,K4,"2011004","","100000012",EMEA,USD,100559.23,89386.00,11173.23,"","",P
"0050000303","0000000014",2011-04-22,"0000000014",2011-04-25,K4,"2011004","","100000034",AMER,USD,77921.98,69264.00,8657.98,"","",C
"0050000304","0000000011",2011-04-22,"0000000011",2011-04-25,K4,"2011004","","100000030",AMER,USD,62254.12,55337.00,6917.12,"","",C
"0050000305","0000000012",2011-04-22,"0000000012",2011-04-24,K4,"2011004","","100000033",AMER,USD,83129.60,73893.00,9236.60,"","",C
"0050000306","0000000018",2011-04-22,"0000000018",2011-04-24,K4,"2011004","","100000009",EMEA,USD,93443.60,83061.00,10382.60,"","",C
"0050000307","0000000019",2011-04-23,"0000000019",2011-04-24,K4,"2011004","","100000007",EMEA,USD,46518.75,41350.00,5168.75,"","",C
"0050000308","0000000019",2011-04-24,"0000000019",2011-04-25,K4,"2011004","","100000012",EMEA,USD,60579.00,53848.00,6731.00,"","",C
"0050000309","0000000012",2011-04-24,"0000000012",2011-04-26,K4,"2011004","","100000000",AMER,USD,90354.35,80315.00,10039.35,"","",C
"0050000310","0000000016",2011-04-24,"0000000016",2011-04-27,K4,"2011004","","100000036",EMEA,USD,37293.75,33150.00,4143.75,"","",C
"0050000311","0000000023",2011-04-24,"0000000023",2011-04-26,K4,"2011004","","100000011",EMEA,USD,9787.50,8700.00,1087.50,"","",C
"0050000312","0000000009",2011-04-25,"0000000009",2011-04-26,K4,"2011004","","100000003",AMER,USD,77504.62,68893.00,8611.62,"","",C
"0050000313","0000000020",2011-04-26,"0000000020",2011-04-28,K4,"2011004","","100000013",EMEA,USD,100727.97,89536.00,11191.97,"","",C
"0050000314","0000000022",2011-04-26,"0000000022",2011-04-28,K4,"2011004","","100000007",EMEA,USD,72538.87,64479.00,8059.87,"","",C
"0050000315","0000000023",2011-04-26,"0000000023",2011-04-27,K4,"2011004","","100000037",EMEA,USD,67475.22,59978.00,7497.22,"","",C
"0050000316","0000000021",2011-04-26,"0000000021",2011-04-27,K4,"2011004","","100000013",EMEA,USD,20925.00,18600.00,2325.00,"","",C
"0050000317","0000000010",2011-04-27,"0000000010",2011-04-29,K4,"2011004","","100000003",AMER,USD,81265.46,72236.00,9029.46,"","",C
"0050000318","0000000020",2011-04-27,"0000000020",2011-04-29,K4,"2011004","","100000007",EMEA,USD,73661.62,65477.00,8184.62,"","",C
"0050000319","0000000010",2011-04-27,"0000000010",2011-04-30,K4,"2011004","","100000034",AMER,USD,125999.96,112000.00,13999.96,"","",C
"0050000320","0000000023",2011-04-27,"0000000023",2011-04-28,K4,"2011004","","100000036",EMEA,USD,30881.25,27450.00,3431.25,"","",C
"0050000321","0000000022",2011-04-28,"0000000022",2011-04-29,K4,"2011004","","100000039",EMEA,USD,53325.00,47400.00,5925.00,"","",C
"0050000322","0000000022",2011-04-28,"0000000022",2011-05-01,K4,"2011004","","100000011",EMEA,USD,92661.71,82366.00,10295.71,"","",C
"0050000323","0000000011",2011-04-28,"0000000011",2011-05-01,K4,"2011004","","100000030",AMER,USD,69968.24,62194.00,7774.24,"","",C
"0050000324","0000000017",2011-04-28,"0000000017",2011-04-29,K4,"2011004","","100000014",EMEA,USD,50115.37,44547.00,5568.37,"","",C
"0050000325","0000000019",2011-04-28,"0000000019",2011-05-01,K4,"2011004","","100000012",EMEA,USD,30150.00,26800.00,3350.00,"","",C
"0050000326","0000000007",2011-04-28,"0000000007",2011-04-30,K4,"2011004","","100000032",AMER,USD,102394.08,91017.00,11377.08,"","",C
"0050000327","0000000015",2011-04-28,"0000000015",2011-04-29,K4,"2011004","","100000006",EMEA,USD,91891.10,81681.00,10210.10,"","",C
"0050000328","0000000018",2011-04-28,"0000000018",2011-04-29,K4,"2011004","","100000036",EMEA,USD,7650.00,6800.00,850.00,"","",C
"0050000329","0000000015",2011-04-28,"0000000015",2011-05-01,K4,"2011004","","100000009",EMEA,USD,103738.47,92212.00,11526.47,"","",C
"0050000330","0000000010",2011-04-28,"0000000010",2011-04-29,K4,"2011004","","100000032",AMER,USD,41680.12,37049.00,4631.12,"","",C
"0050000331","0000000012",2011-04-28,"0000000012",2011-05-01,K4,"2011004","","100000004",AMER,USD,67645.09,60129.00,7516.09,"","",C
"0050000332","0000000017",2011-04-29,"0000000017",2011-05-02,K4,"2011004","","100000005",EMEA,USD,14737.50,13100.00,1637.50,"","",C
"0050000333","0000000023",2011-04-29,"0000000023",2011-05-02,K4,"2011004","","100000010",EMEA,USD,90937.10,80833.00,10104.10,"","",C
"0050000334","0000000003",2011-04-29,"0000000003",2011-05-02,K4,"2011004","","100000012",EMEA,USD,79651.11,70801.00,8850.11,"","",C
"0050000335","0000000019",2011-04-30,"0000000019",2011-05-02,K4,"2011004","","100000012",EMEA,USD,38475.00,34200.00,4275.00,"","",C
"0050000336","0000000006",2011-05-01,"0000000006",2011-05-04,K4,"2011005","","100000009",EMEA,USD,53606.25,47650.00,5956.25,"","",C
"0050000337","0000000017",2011-05-01,"0000000017",2011-05-03,K4,"2011005","","100000014",EMEA,USD,120898.10,107465.00,13433.10,"","",C
"0050000338","0000000015",2011-05-01,"0000000015",2011-05-03,K4,"2011005","","100000006",EMEA,USD,45720.00,40640.00,5080.00,"","",C
"0050000339","0000000016",2011-05-01,"0000000016",2011-05-04,K4,"2011005","","100000008",EMEA,USD,23118.75,20550.00,2568.75,"","",C
"0050000340","0000000015",2011-05-01,"0000000015",2011-05-02,K4,"2011005","","100000036",EMEA,USD,16875.00,15000.00,1875.00,"","",C
"0050000341","0000000006",2011-05-02,"0000000006",2011-05-04,K4,"2011005","","100000039",EMEA,USD,39656.25,35250.00,4406.25,"","",C
"0050000342","0000000021",2011-05-03,"0000000021",2011-05-05,K4,"2011005","","100000013",EMEA,USD,86306.62,76717.00,9589.62,"","",C
"0050000343","0000000018",2011-05-04,"0000000018",2011-05-05,K4,"2011005","","100000037",EMEA,USD,7537.50,6700.00,837.50,"","",C
"0050000344","0000000023",2011-05-05,"0000000023",2011-05-07,K4,"2011005","","100000006",EMEA,USD,37686.37,33499.00,4187.37,"","",C
"0050000345","0000000014",2011-05-05,"0000000014",2011-05-06,K4,"2011005","","100000034",AMER,USD,29584.12,26297.00,3287.12,"","",C
"0050000346","0000000022",2011-05-06,"0000000022",2011-05-09,K4,"2011005","","100000039",EMEA,USD,67627.10,60113.00,7514.10,"","",C
"0050000347","0000000011",2011-05-06,"0000000011",2011-05-07,K4,"2011005","","100000002",AMER,USD,86025.36,76467.00,9558.36,"","",C
"0050000348","0000000013",2011-05-06,"0000000013",2011-05-07,K4,"2011005","","100000000",AMER,USD,29587.50,26300.00,3287.50,"","",C
"0050000349","0000000023",2011-05-06,"0000000023",2011-05-08,K4,"2011005","","100000008",EMEA,USD,3375.00,3000.00,375.00,"","",C
"0050000350","0000000022",2011-05-06,"0000000022",2011-05-07,K4,"2011005","","100000038",EMEA,USD,66487.50,59100.00,7387.50,"","",C
"0050000351","0000000018",2011-05-06,"0000000018",2011-05-09,K4,"2011005","","100000005",EMEA,USD,10125.00,9000.00,1125.00,"","",C
"0050000352","0000000023",2011-05-06,"0000000023",2011-05-08,K4,"2011005","","100000011",EMEA,USD,53377.87,47447.00,5930.87,"","",C
"0050000353","0000000011",2011-05-07,"0000000011",2011-05-09,K4,"2011005","","100000001",AMER,USD,79186.48,70388.00,8798.48,"","",C
"0050000354","0000000020",2011-05-07,"0000000020",2011-05-09,K4,"2011005","","100000011",EMEA,USD,21150.00,18800.00,2350.00,"","",C
"0050000355","0000000009",2011-05-07,"0000000009",2011-05-08,K4,"2011005","","100000002",AMER,USD,11250.00,10000.00,1250.00,"","",C
"0050000356","0000000013",2011-05-07,"0000000013",2011-05-10,K4,"2011005","","100000004",AMER,USD,20306.25,18050.00,2256.25,"","",C
"0050000357","0000000011",2011-05-07,"0000000011",2011-05-08,K4,"2011005","","100000003",AMER,USD,111052.09,98713.00,12339.09,"","",C
"0050000358","0000000015",2011-05-08,"0000000015",2011-05-09,K4,"2011005","","100000011",EMEA,USD,46625.62,41445.00,5180.62,"","",C
"0050000359","0000000010",2011-05-08,"0000000010",2011-05-09,K4,"2011005","","100000031",AMER,USD,75016.12,66681.00,8335.12,"","",C
"0050000360","0000000011",2011-05-08,"0000000011",2011-05-09,K4,"2011005","","100000002",AMER,USD,22950.00,20400.00,2550.00,"","",C
"0050000361","0000000014",2011-05-08,"0000000014",2011-05-10,K4,"2011005","","100000032",AMER,USD,78027.73,69358.00,8669.73,"","",C
"0050000362","0000000018",2011-05-08,"0000000018",2011-05-10,K4,"2011005","","100000007",EMEA,USD,86331.36,76739.00,9592.36,"","",C
"0050000363","0000000016",2011-05-09,"0000000016",2011-05-11,K4,"2011005","","100000039",EMEA,USD,74470.49,66196.00,8274.49,"","",C
"0050000364","0000000019",2011-05-10,"0000000019",2011-05-13,K4,"2011005","","100000035",EMEA,USD,70141.49,62348.00,7793.49,"","",C
"0050000365","0000000020",2011-05-10,"0000000020",2011-05-11,K4,"2011005","","100000010",EMEA,USD,107326.10,95401.00,11925.10,"","",X
"0050000366","0000000017",2011-05-10,"0000000017",2011-05-11,K4,"2011005","","100000009",EMEA,USD,60914.24,54146.00,6768.24,"","",C
"0050000367","0000000023",2011-05-10,"0000000023",2011-05-13,K4,"2011005","","100000013",EMEA,USD,75584.24,67186.00,8398.24,"","",C
"0050000368","0000000015",2011-05-11,"0000000015",2011-05-12,K4,"2011005","","100000009",EMEA,USD,99723.32,88643.00,11080.32,"","",C
"0050000369","0000000018",2011-05-12,"0000000018",2011-05-14,K4,"2011005","","100000011",EMEA,USD,50164.86,44591.00,5573.86,"","",C
"0050000370","0000000017",2011-05-13,"0000000017",2011-05-16,K4,"2011005","","100000010",EMEA,USD,123414.71,109702.00,13712.71,"","",C
"0050000371","0000000018",2011-05-13,"0000000018",2011-05-16,K4,"2011005","","100000035",EMEA,USD,64967.62,57749.00,7218.62,"","",C
"0050000372","0000000007",2011-05-13,"0000000007",2011-05-15,K4,"2011005","","100000000",AMER,USD,62877.35,55891.00,6986.35,"","",C
"0050000373","0000000017",2011-05-14,"0000000017",2011-05-17,K4,"2011005","","100000008",EMEA,USD,66589.87,59191.00,7398.87,"","",C
"0050000374","0000000012",2011-05-15,"0000000012",2011-05-16,K4,"2011005","","100000000",AMER,USD,17606.25,15650.00,1956.25,"","",C
"0050000375","0000000003",2011-05-15,"0000000003",2011-05-17,K4,"2011005","","100000007",EMEA,USD,32731.87,29095.00,3636.87,"","",C
"0050000376","0000000022",2011-05-15,"0000000022",2011-05-17,K4,"2011005","","100000008",EMEA,USD,78646.47,69908.00,8738.47,"","",C
"0050000377","0000000010",2011-05-16,"0000000010",2011-05-19,K4,"2011005","","100000030",AMER,USD,5400.00,4800.00,600.00,"","",C
"0050000378","0000000012",2011-05-16,"0000000012",2011-05-17,K4,"2011005","","100000031",AMER,USD,54112.50,48100.00,6012.50,"","",C
"0050000379","0000000017",2011-05-16,"0000000017",2011-05-18,K4,"2011005","","100000036",EMEA,USD,29025.00,25800.00,3225.00,"","",C
"0050000380","0000000010",2011-05-16,"0000000010",2011-05-18,K4,"2011005","","100000030",AMER,USD,24187.50,21500.00,2687.50,"","",C
"0050000381","0000000020",2011-05-16,"0000000020",2011-05-18,K4,"2011005","","100000036",EMEA,USD,56171.24,49930.00,6241.24,"","",C
"0050000382","0000000014",2011-05-17,"0000000014",2011-05-20,K4,"2011005","","100000000",AMER,USD,27056.25,24050.00,3006.25,"","",C
"0050000383","0000000007",2011-05-17,"0000000007",2011-05-19,K4,"2011005","","100000000",AMER,USD,98387.96,87456.00,10931.96,"","",C
"0050000384","0000000020",2011-05-17,"0000000020",2011-05-19,K4,"2011005","","100000038",EMEA,USD,63560.25,56498.00,7062.25,"","",C
"0050000385","0000000016",2011-05-18,"0000000016",2011-05-21,K4,"2011005","","100000005",EMEA,USD,85694.61,76173.00,9521.61,"","",C
"0050000386","0000000023",2011-05-18,"0000000023",2011-05-19,K4,"2011005","","100000010",EMEA,USD,71428.48,63492.00,7936.48,"","",C
"0050000387","0000000010",2011-05-19,"0000000010",2011-05-21,K4,"2011005","","100000030",AMER,USD,87077.22,77402.00,9675.22,"","",C
"0050000388","0000000022",2011-05-19,"0000000022",2011-05-21,K4,"2011005","","100000037",EMEA,USD,98890.84,87903.00,10987.84,"","",C
"0050000389","0000000016",2011-05-20,"0000000016",2011-05-23,K4,"2011005","","100000014",EMEA,USD,94245.72,83774.00,10471.72,"","",C
"0050000390","0000000012",2011-05-21,"0000000012",2011-05-22,K4,"2011005","","100000032",AMER,USD,1687.50,1500.00,187.50,"","",X
"0050000391","0000000013",2011-05-21,"0000000013",2011-05-24,K4,"2011005","","100000030",AMER,USD,59175.00,52600.00,6575.00,"","",C
"0050000392","0000000011",2011-05-22,"0000000011",2011-05-24,K4,"2011005","","100000004",AMER,USD,81470.23,72418.00,9052.23,"","",C
"0050000393","0000000022",2011-05-22,"0000000022",2011-05-23,K4,"2011005","","100000013",EMEA,USD,62662.50,55700.00,6962.50,"","",C
"0050000394","0000000020",2011-05-23,"0000000020",2011-05-24,K4,"2011005","","100000007",EMEA,USD,95610.35,84987.00,10623.35,"","",C
"0050000395","0000000016",2011-05-24,"0000000016",2011-05-26,K4,"2011005","","100000035",EMEA,USD,43762.50,38900.00,4862.50,"","",C
"0050000396","0000000007",2011-05-24,"0000000007",2011-05-25,K4,"2011005","","100000031",AMER,USD,103063.46,91612.00,11451.46,"","",C
"0050000397","0000000021",2011-05-25,"0000000021",2011-05-27,K4,"2011005","","100000005",EMEA,USD,29193.75,25950.00,3243.75,"","",C
"0050000398","0000000013",2011-05-25,"0000000013",2011-05-26,K4,"2011005","","100000000",AMER,USD,40218.75,35750.00,4468.75,"","",C
"0050000399","0000000019",2011-05-25,"0000000019",2011-05-27,K4,"2011005","","100000009",EMEA,USD,127651.47,113468.00,14183.47,"","",C
"0050000400","0000000009",2011-05-26,"0000000009",2011-05-27,K4,"2011005","","100000001",AMER,USD,66765.37,59347.00,7418.37,"","",C
"0050000401","0000000013",2011-05-26,"0000000013",2011-05-28,K4,"2011005","","100000031",AMER,USD,52760.25,46898.00,5862.25,"","",C
"0050000402","0000000020",2011-05-26,"0000000020",2011-05-29,K4,"2011005","","100000008",EMEA,USD,85643.96,76128.00,9515.96,"","",C
"0050000403","0000000006",2011-05-27,"0000000006",2011-05-30,K4,"2011005","","100000038",EMEA,USD,73460.22,65298.00,8162.22,"","",C
"0050000404","0000000009",2011-05-27,"0000000009",2011-05-28,K4,"2011005","","100000002",AMER,USD,93023.98,82688.00,10335.98,"","",C
"0050000405","0000000023",2011-05-27,"0000000023",2011-05-28,K4,"2011005","","100000014",EMEA,USD,77892.71,69238.00,8654.71,"","",C
"0050000406","0000000016",2011-05-28,"0000000016",2011-05-30,K4,"2011005","","100000038",EMEA,USD,41737.50,37100.00,4637.50,"","",X
"0050000407","0000000022",2011-05-29,"0000000022",2011-05-31,K4,"2011005","","100000009",EMEA,USD,47514.36,42235.00,5279.36,"","",C
"0050000408","0000000018",2011-05-29,"0000000018",2011-06-01,K4,"2011005","","100000006",EMEA,USD,5400.00,4800.00,600.00,"","",X
"0050000409","0000000018",2011-05-29,"0000000018",2011-06-01,K4,"2011005","","100000035",EMEA,USD,57318.75,50950.00,6368.75,"","",C
"0050000410","0000000021",2011-05-29,"0000000021",2011-05-30,K4,"2011005","","100000014",EMEA,USD,76676.62,68157.00,8519.62,"","",C
"0050000411","0000000011",2011-05-30,"0000000011",2011-05-31,K4,"2011005","","100000004",AMER,USD,17775.00,15800.00,1975.00,"","",C
"0050000412","0000000003",2011-05-31,"0000000003",2011-06-03,K4,"2011005","","100000008",EMEA,USD,90978.71,80870.00,10108.71,"","",C
"0050000413","0000000021",2011-06-01,"0000000021",2011-06-02,K4,"2011006","","100000014",EMEA,USD,82661.60,73477.00,9184.60,"","",C
"0050000414","0000000023",2011-06-01,"0000000023",2011-06-04,K4,"2011006","","100000007",EMEA,USD,75065.60,66725.00,8340.60,"","",C
"0050000415","0000000003",2011-06-02,"0000000003",2011-06-04,K4,"2011006","","100000038",EMEA,USD,76957.85,68407.00,8550.85,"","",C
"0050000416","0000000022",2011-06-02,"0000000022",2011-06-05,K4,"2011006","","100000013",EMEA,USD,54504.00,48448.00,6056.00,"","",C
"0050000417","0000000011",2011-06-03,"0000000011",2011-06-04,K4,"2011006","","100000002",AMER,USD,35662.50,31700.00,3962.50,"","",C
"0050000418","0000000010",2011-06-04,"0000000010",2011-06-06,K4,"2011006","","100000003",AMER,USD,64227.37,57091.00,7136.37,"","",C
"0050000419","0000000018",2011-06-04,"0000000018",2011-06-06,K4,"2011006","","100000008",EMEA,USD,32625.00,29000.00,3625.00,"","",C
"0050000420","0000000020",2011-06-04,"0000000020",2011-06-06,K4,"2011006","","100000009",EMEA,USD,74978.98,66648.00,8330.98,"","",C
"0050000421","0000000020",2011-06-05,"0000000020",2011-06-06,K4,"2011006","","100000039",EMEA,USD,100617.72,89438.00,11179.72,"","",C
"0050000422","0000000019",2011-06-05,"0000000019",2011-06-08,K4,"2011006","","100000011",EMEA,USD,91075.48,80956.00,10119.48,"","",C
"0050000423","0000000014",2011-06-06,"0000000014",2011-06-07,K4,"2011006","","100000000",AMER,USD,10800.00,9600.00,1200.00,"","",X
"0050000424","0000000012",2011-06-07,"0000000012",2011-06-09,K4,"2011006","","100000000",AMER,USD,10800.00,9600.00,1200.00,"","",C
"0050000425","0000000003",2011-06-08,"0000000003",2011-06-10,K4,"2011006","","100000005",EMEA,USD,98221.48,87308.00,10913.48,"","",C
"0050000426","0000000015",2011-06-09,"0000000015",2011-06-10,K4,"2011006","","100000008",EMEA,USD,50117.62,44549.00,5568.62,"","",C
"0050000427","0000000016",2011-06-09,"0000000016",2011-06-11,K4,"2011006","","100000039",EMEA,USD,64990.11,57769.00,7221.11,"","",C
"0050000428","0000000021",2011-06-10,"0000000021",2011-06-13,K4,"2011006","","100000014",EMEA,USD,96229.10,85537.00,10692.10,"","",C
"0050000429","0000000014",2011-06-10,"0000000014",2011-06-13,K4,"2011006","","100000003",AMER,USD,60281.99,53584.00,6697.99,"","",C
"0050000430","0000000003",2011-06-11,"0000000003",2011-06-12,K4,"2011006","","100000007",EMEA,USD,61961.61,55077.00,6884.61,"","",C
"0050000431","0000000006",2011-06-11,"0000000006",2011-06-12,K4,"2011006","","100000036",EMEA,USD,70477.87,62647.00,7830.87,"","",C
"0050000432","0000000014",2011-06-12,"0000000014",2011-06-13,K4,"2011006","","100000031",AMER,USD,78126.74,69446.00,8680.74,"","",C
"0050000433","0000000013",2011-06-12,"0000000013",2011-06-13,K4,"2011006","","100000003",AMER,USD,16481.25,14650.00,1831.25,"","",C
"0050000434","0000000017",2011-06-12,"0000000017",2011-06-13,K4,"2011006","","100000037",EMEA,USD,50737.50,45100.00,5637.50,"","",C
"0050000435","0000000024",2011-06-13,"0000000024",2011-06-15,K4,"2011006","","100000024",APJ,USD,2531.25,2250.00,281.25,"","",C
"0050000436","0000000014",2011-06-14,"0000000014",2011-06-15,K4,"2011006","","100000003",AMER,USD,84611.22,75210.00,9401.22,"","",C
"0050000437","0000000020",2011-06-14,"0000000020",2011-06-16,K4,"2011006","","100000011",EMEA,USD,104718.34,93083.00,11635.34,"","",C
"0050000438","0000000009",2011-06-14,"0000000009",2011-06-15,K4,"2011006","","100000003",AMER,USD,54843.75,48750.00,6093.75,"","",C
"0050000439","0000000022",2011-06-14,"0000000022",2011-06-15,K4,"2011006","","100000039",EMEA,USD,110584.09,98297.00,12287.09,"","",C
"0050000440","0000000017",2011-06-14,"0000000017",2011-06-15,K4,"2011006","","100000036",EMEA,USD,79688.22,70834.00,8854.22,"","",C
"0050000441","0000000019",2011-06-14,"0000000019",2011-06-15,K4,"2011006","","100000011",EMEA,USD,63462.36,56411.00,7051.36,"","",C
"0050000442","0000000012",2011-06-14,"0000000012",2011-06-17,K4,"2011006","","100000032",AMER,USD,104051.23,92490.00,11561.23,"","",C
"0050000443","0000000022",2011-06-14,"0000000022",2011-06-15,K4,"2011006","","100000012",EMEA,USD,76189.49,67724.00,8465.49,"","",C
"0050000444","0000000014",2011-06-14,"0000000014",2011-06-16,K4,"2011006","","100000030",AMER,USD,88613.99,78768.00,9845.99,"","",C
"0050000445","0000000010",2011-06-14,"0000000010",2011-06-15,K4,"2011006","","100000031",AMER,USD,97459.86,86631.00,10828.86,"","",C
"0050000446","0000000022",2011-06-14,"0000000022",2011-06-16,K4,"2011006","","100000036",EMEA,USD,75462.74,67078.00,8384.74,"","",C
"0050000447","0000000011",2011-06-15,"0000000011",2011-06-16,K4,"2011006","","100000033",AMER,USD,96675.71,85934.00,10741.71,"","",C
"0050000448","0000000023",2011-06-15,"0000000023",2011-06-17,K4,"2011006","","100000039",EMEA,USD,93572.96,83176.00,10396.96,"","",C
"0050000449","0000000017",2011-06-15,"0000000017",2011-06-16,K4,"2011006","","100000011",EMEA,USD,16312.50,14500.00,1812.50,"","",C
"0050000450","0000000009",2011-06-16,"0000000009",2011-06-19,K4,"2011006","","100000032",AMER,USD,2137.50,1900.00,237.50,"","",C
"0050000451","0000000019",2011-06-16,"0000000019",2011-06-17,K4,"2011006","","100000036",EMEA,USD,56165.62,49925.00,6240.62,"","",C
"0050000452","0000000020",2011-06-16,"0000000020",2011-06-17,K4,"2011006","","100000008",EMEA,USD,84517.85,75127.00,9390.85,"","",C
"0050000453","0000000018",2011-06-16,"0000000018",2011-06-17,K4,"2011006","","100000038",EMEA,USD,51300.00,45600.00,5700.00,"","",C
"0050000454","0000000021",2011-06-17,"0000000021",2011-06-19,K4,"2011006","","100000011",EMEA,USD,73496.23,65330.00,8166.23,"","",C
"0050000455","0000000019",2011-06-17,"0000000019",2011-06-19,K4,"2011006","","100000038",EMEA,USD,45787.50,40700.00,5087.50,"","",C
"0050000456","0000000022",2011-06-17,"0000000022",2011-06-19,K4,"2011006","","100000014",EMEA,USD,112575.34,100067.00,12508.34,"","",C
"0050000457","0000000027",2011-06-18,"0000000027",2011-06-19,K4,"2011006","","100000022",APJ,USD,87292.12,77593.00,9699.12,"","",C
"0050000458","0000000014",2011-06-18,"0000000014",2011-06-19,K4,"2011006","","100000002",AMER,USD,85739.60,76213.00,9526.60,"","",C
"0050000459","0000000003",2011-06-18,"0000000003",2011-06-20,K4,"2011006","","100000009",EMEA,USD,78802.87,70047.00,8755.87,"","",C
"0050000460","0000000007",2011-06-18,"0000000007",2011-06-21,K4,"2011006","","100000001",AMER,USD,72269.99,64240.00,8029.99,"","",C
"0050000461","0000000016",2011-06-19,"0000000016",2011-06-20,K4,"2011006","","100000008",EMEA,USD,68172.75,60598.00,7574.75,"","",C
"0050000462","0000000011",2011-06-19,"0000000011",2011-06-20,K4,"2011006","","100000003",AMER,USD,74860.86,66543.00,8317.86,"","",C
"0050000463","0000000006",2011-06-19,"0000000006",2011-06-21,K4,"2011006","","100000010",EMEA,USD,85316.61,75837.00,9479.61,"","",C
"0050000464","0000000026",2011-06-19,"0000000026",2011-06-22,K4,"2011006","","100000024",APJ,USD,85883.61,76341.00,9542.61,"","",C
"0050000465","0000000016",2011-06-19,"0000000016",2011-06-22,K4,"2011006","","100000007",EMEA,USD,91858.47,81652.00,10206.47,"","",P
"0050000466","0000000009",2011-06-19,"0000000009",2011-06-21,K4,"2011006","","100000034",AMER,USD,27675.00,24600.00,3075.00,"","",C
"0050000467","0000000017",2011-06-20,"0000000017",2011-06-23,K4,"2011006","","100000028",EMEA,USD,68681.25,61050.00,7631.25,"","",C
"0050000468","0000000014",2011-06-20,"0000000014",2011-06-22,K4,"2011006","","100000004",AMER,USD,110278.09,98025.00,12253.09,"","",C
"0050000469","0000000006",2011-06-20,"0000000006",2011-06-21,K4,"2011006","","100000012",EMEA,USD,63219.37,56195.00,7024.37,"","",C
"0050000470","0000000022",2011-06-20,"0000000022",2011-06-23,K4,"2011006","","100000039",EMEA,USD,54640.10,48569.00,6071.10,"","",C
"0050000471","0000000015",2011-06-20,"0000000015",2011-06-22,K4,"2011006","","100000025",EMEA,USD,88993.10,79105.00,9888.10,"","",C
"0050000472","0000000010",2011-06-20,"0000000010",2011-06-23,K4,"2011006","","100000003",AMER,USD,64912.50,57700.00,7212.50,"","",C
"0050000473","0000000010",2011-06-21,"0000000010",2011-06-22,K4,"2011006","","100000031",AMER,USD,76780.09,68249.00,8531.09,"","",C
"0050000474","0000000017",2011-06-21,"0000000017",2011-06-22,K4,"2011006","","100000013",EMEA,USD,111957.72,99518.00,12439.72,"","",C
"0050000475","0000000016",2011-06-21,"0000000016",2011-06-22,K4,"2011006","","100000014",EMEA,USD,39596.62,35197.00,4399.62,"","",C
"0050000476","0000000006",2011-06-21,"0000000006",2011-06-22,K4,"2011006","","100000011",EMEA,USD,36843.75,32750.00,4093.75,"","",C
"0050000477","0000000003",2011-06-22,"0000000003",2011-06-25,K4,"2011006","","100000036",EMEA,USD,3375.00,3000.00,375.00,"","",C
"0050000478","0000000010",2011-06-22,"0000000010",2011-06-23,K4,"2011006","","100000002",AMER,USD,18056.25,16050.00,2006.25,"","",C
"0050000479","0000000012",2011-06-23,"0000000012",2011-06-24,K4,"2011006","","100000003",AMER,USD,27618.75,24550.00,3068.75,"","",C
"0050000480","0000000003",2011-06-23,"0000000003",2011-06-26,K4,"2011006","","100000006",EMEA,USD,85937.61,76389.00,9548.61,"","",C
"0050000481","0000000007",2011-06-23,"0000000007",2011-06-25,K4,"2011006","","100000030",AMER,USD,88284.35,78475.00,9809.35,"","",C
"0050000482","0000000011",2011-06-23,"0000000011",2011-06-25,K4,"2011006","","100000031",AMER,USD,65057.62,57829.00,7228.62,"","",C
"0050000483","0000000015",2011-06-23,"0000000015",2011-06-24,K4,"2011006","","100000009",EMEA,USD,29250.00,26000.00,3250.00,"","",C
"0050000484","0000000003",2011-06-24,"0000000003",2011-06-26,K4,"2011006","","100000014",EMEA,USD,76685.60,68165.00,8520.60,"","",C
"0050000485","0000000009",2011-06-24,"0000000009",2011-06-27,K4,"2011006","","100000030",AMER,USD,69300.00,61600.00,7700.00,"","",C
"0050000486","0000000015",2011-06-24,"0000000015",2011-06-26,K4,"2011006","","100000009",EMEA,USD,100493.96,89328.00,11165.96,"","",C
"0050000487","0000000016",2011-06-24,"0000000016",2011-06-27,K4,"2011006","","100000039",EMEA,USD,87638.59,77901.00,9737.59,"","",C
"0050000488","0000000023",2011-06-24,"0000000023",2011-06-27,K4,"2011006","","100000036",EMEA,USD,80434.09,71497.00,8937.09,"","",C
"0050000489","0000000010",2011-06-24,"0000000010",2011-06-25,K4,"2011006","","100000004",AMER,USD,93993.73,83550.00,10443.73,"","",P
"0050000490","0000000011",2011-06-25,"0000000011",2011-06-28,K4,"2011006","","100000001",AMER,USD,40162.50,35700.00,4462.50,"","",C
"0050000491","0000000006",2011-06-26,"0000000006",2011-06-28,K4,"2011006","","100000010",EMEA,USD,68452.87,60847.00,7605.87,"","",C
"0050000492","0000000021",2011-06-26,"0000000021",2011-06-27,K4,"2011006","","100000013",EMEA,USD,67055.61,59605.00,7450.61,"","",C
"0050000493","0000000021",2011-06-26,"0000000021",2011-06-29,K4,"2011006","","100000037",EMEA,USD,47756.25,42450.00,5306.25,"","",C
"0050000494","0000000007",2011-06-26,"0000000007",2011-06-27,K4,"2011006","","100000033",AMER,USD,17775.00,15800.00,1975.00,"","",C
"0050000495","0000000010",2011-06-27,"0000000010",2011-06-29,K4,"2011006","","100000030",AMER,USD,92692.12,82393.00,10299.12,"","",C
"0050000496","0000000023",2011-06-27,"0000000023",2011-06-28,K4,"2011006","","100000035",EMEA,USD,88262.98,78456.00,9806.98,"","",C
"0050000497","0000000013",2011-06-27,"0000000013",2011-06-30,K4,"2011006","","100000003",AMER,USD,88123.49,78332.00,9791.49,"","",C
"0050000498","0000000012",2011-06-27,"0000000012",2011-06-29,K4,"2011006","","100000003",AMER,USD,63898.87,56799.00,7099.87,"","",C
"0050000499","0000000013",2011-06-28,"0000000013",2011-06-29,K4,"2011006","","100000032",AMER,USD,78055.86,69383.00,8672.86,"","",C
"0050000500","0000000006",2011-06-28,"0000000006",2011-07-01,K4,"2011006","","100000006",EMEA,USD,90165.35,80147.00,10018.35,"","",C